,Unnamed: 0,id,uri,nome,siglaPartido,uriPartido,siglaUf,idLegislatura,urlFoto,x,y,z,cores
2,2,121948,https://dadosabertos.camara.leg.br/api/v2/deputados/121948,Adriano do Baldy,PP,https://dadosabertos.camara.leg.br/api/v2/partidos/37903,GO,56,http://www.camara.gov.br/internet/deputado/bandep/121948.jpg,0.2693116366863251,-0.2412644475698471,-0.0542295835912227,#008000
3,3,74646,https://dadosabertos.camara.leg.br/api/v2/deputados/74646,Aécio Neves,PSDB,https://dadosabertos.camara.leg.br/api/v2/partidos/36835,MG,56,http://www.camara.gov.br/internet/deputado/bandep/74646.jpg,0.3042627871036529,-0.1701312959194183,0.1993417292833328,#1f77b4
4,4,141372,https://dadosabertos.camara.leg.br/api/v2/deputados/141372,Aelton Freitas,PP,https://dadosabertos.camara.leg.br/api/v2/partidos/37903,MG,56,http://www.camara.gov.br/internet/deputado/bandep/141372.jpg,0.2980543673038482,-0.2480339556932449,0.0836678966879844,#008000
5,5,204495,https://dadosabertos.camara.leg.br/api/v2/deputados/204495,Airton Faleiro,PT,https://dadosabertos.camara.leg.br/api/v2/partidos/36844,PA,56,http://www.camara.gov.br/internet/deputado/bandep/204495.jpg,0.3792897760868072,0.4126404821872711,0.0134866796433925,#d62728
6,6,204549,https://dadosabertos.camara.leg.br/api/v2/deputados/204549,AJ Albuquerque,PP,https://dadosabertos.camara.leg.br/api/v2/partidos/37903,CE,56,http://www.camara.gov.br/internet/deputado/bandep/204549.jpg,-0.2475808411836624,-0.1982301473617553,0.1877032667398452,#008000
9,9,204501,https://dadosabertos.camara.leg.br/api/v2/deputados/204501,Alencar Santana,PT,https://dadosabertos.camara.leg.br/api/v2/partidos/36844,SP,56,http://www.camara.gov.br/internet/deputado/bandep/204501.jpg,-0.2146150171756744,0.4944962561130523,0.1530223786830902,#d62728
10,10,160511,https://dadosabertos.camara.leg.br/api/v2/deputados/160511,Alessandro Molon,PSB,https://dadosabertos.camara.leg.br/api/v2/partidos/36832,RJ,56,http://www.camara.gov.br/internet/deputado/bandep/160511.jpg,-0.1063300743699073,0.5117992758750916,0.0270541775971651,#90ee90
12,12,105534,https://dadosabertos.camara.leg.br/api/v2/deputados/105534,Alexandre Figueiredo,PSD,https://dadosabertos.camara.leg.br/api/v2/partidos/36834,SE,56,http://www.camara.gov.br/internet/deputado/bandep/105534.jpg,-0.0211173631250858,-0.4260917007923126,0.4831913411617279,#660000
13,13,204544,https://dadosabertos.camara.leg.br/api/v2/deputados/204544,Alexandre Frota,PSDB,https://dadosabertos.camara.leg.br/api/v2/partidos/36835,SP,56,http://www.camara.gov.br/internet/deputado/bandep/204544.jpg,0.3512915968894958,0.242958977818489,0.2068445533514022,#1f77b4
15,15,204503,https://dadosabertos.camara.leg.br/api/v2/deputados/204503,Alexandre Padilha,PT,https://dadosabertos.camara.leg.br/api/v2/partidos/36844,SP,56,http://www.camara.gov.br/internet/deputado/bandep/204503.jpg,0.2983345687389374,0.3607334196567535,0.1559768766164779,#d62728
18,18,178927,https://dadosabertos.camara.leg.br/api/v2/deputados/178927,Aliel Machado,PV,https://dadosabertos.camara.leg.br/api/v2/partidos/36851,PR,56,http://www.camara.gov.br/internet/deputado/bandep/178927.jpg,0.4740376770496368,0.2465027123689651,0.2323870360851287,#e377c2
20,20,204400,https://dadosabertos.camara.leg.br/api/v2/deputados/204400,Aline Sleutjes,PROS,https://dadosabertos.camara.leg.br/api/v2/partidos/36763,PR,56,http://www.camara.gov.br/internet/deputado/bandep/204400.jpg,0.0756072849035263,-0.2700419723987579,-0.1335770189762115,#ffa500
21,21,178881,https://dadosabertos.camara.leg.br/api/v2/deputados/178881,Aluisio Mendes,PSC,https://dadosabertos.camara.leg.br/api/v2/partidos/36833,MA,56,http://www.camara.gov.br/internet/deputado/bandep/178881.jpg,-0.1437865942716598,-0.2497466951608657,0.2882296741008758,#8c564b
22,22,74471,https://dadosabertos.camara.leg.br/api/v2/deputados/74471,André de Paula,PSD,https://dadosabertos.camara.leg.br/api/v2/partidos/36834,PE,56,http://www.camara.gov.br/internet/deputado/bandep/74471.jpg,-0.4190621972084045,0.1283735334873199,0.0633275806903839,#660000
23,23,133439,https://dadosabertos.camara.leg.br/api/v2/deputados/133439,André Figueiredo,PDT,https://dadosabertos.camara.leg.br/api/v2/partidos/36786,CE,56,http://www.camara.gov.br/internet/deputado/bandep/133439.jpg,0.1391362398862838,0.2748546004295349,0.3253245055675506,#32cd32
25,25,73696,https://dadosabertos.camara.leg.br/api/v2/deputados/73696,Angela Amin,PP,https://dadosabertos.camara.leg.br/api/v2/partidos/37903,SC,56,http://www.camara.gov.br/internet/deputado/bandep/73696.jpg,-0.2600453794002533,-0.0376224629580974,-0.1280091851949691,#008000
27,27,73433,https://dadosabertos.camara.leg.br/api/v2/deputados/73433,Arlindo Chinaglia,PT,https://dadosabertos.camara.leg.br/api/v2/partidos/36844,SP,56,http://www.camara.gov.br/internet/deputado/bandep/73433.jpg,0.034121785312891,0.5387666821479797,0.2966486513614654,#d62728
29,29,74090,https://dadosabertos.camara.leg.br/api/v2/deputados/74090,Átila Lins,PSD,https://dadosabertos.camara.leg.br/api/v2/partidos/36834,AM,56,http://www.camara.gov.br/internet/deputado/bandep/74090.jpg,-0.2224828600883484,0.0755950286984443,-0.3553715944290161,#660000
30,30,204509,https://dadosabertos.camara.leg.br/api/v2/deputados/204509,Áurea Carolina,PSOL,https://dadosabertos.camara.leg.br/api/v2/partidos/36839,MG,56,http://www.camara.gov.br/internet/deputado/bandep/204509.jpg,0.1922039091587066,0.5858060717582703,-0.3115549683570862,#ffcc00
32,32,69871,https://dadosabertos.camara.leg.br/api/v2/deputados/69871,Bacelar,PV,https://dadosabertos.camara.leg.br/api/v2/partidos/36851,BA,56,http://www.camara.gov.br/internet/deputado/bandep/69871.jpg,0.317594438791275,0.2597986161708832,0.3136032223701477,#e377c2
33,33,73701,https://dadosabertos.camara.leg.br/api/v2/deputados/73701,Benedita da Silva,PT,https://dadosabertos.camara.leg.br/api/v2/partidos/36844,RJ,56,http://www.camara.gov.br/internet/deputado/bandep/73701.jpg,-0.0184039957821369,0.40126433968544,0.5005142092704773,#d62728
34,34,141335,https://dadosabertos.camara.leg.br/api/v2/deputados/141335,Beto Faro,PT,https://dadosabertos.camara.leg.br/api/v2/partidos/36844,PA,56,http://www.camara.gov.br/internet/deputado/bandep/141335.jpg,0.1669933050870895,0.5733753442764282,0.1012683436274528,#d62728
35,35,204358,https://dadosabertos.camara.leg.br/api/v2/deputados/204358,Beto Pereira,PSDB,https://dadosabertos.camara.leg.br/api/v2/partidos/36835,MS,56,http://www.camara.gov.br/internet/deputado/bandep/204358.jpg,-0.1890652477741241,0.0034274808131158,0.2708312571048736,#1f77b4
39,39,204561,https://dadosabertos.camara.leg.br/api/v2/deputados/204561,Bira do Pindaré,PSB,https://dadosabertos.camara.leg.br/api/v2/partidos/36832,MA,56,http://www.camara.gov.br/internet/deputado/bandep/204561.jpg,0.1695907413959503,0.555332362651825,-0.0570754371583461,#90ee90
40,40,160538,https://dadosabertos.camara.leg.br/api/v2/deputados/160538,Bohn Gass,PT,https://dadosabertos.camara.leg.br/api/v2/partidos/36844,RS,56,http://www.camara.gov.br/internet/deputado/bandep/160538.jpg,-0.0540474094450473,0.472964197397232,0.1860716640949249,#d62728
42,42,93083,https://dadosabertos.camara.leg.br/api/v2/deputados/93083,Cacá Leão,PP,https://dadosabertos.camara.leg.br/api/v2/partidos/37903,BA,56,http://www.camara.gov.br/internet/deputado/bandep/93083.jpg,0.0012420809362083,-0.1146304830908775,-0.0776343643665313,#008000
43,43,204352,https://dadosabertos.camara.leg.br/api/v2/deputados/204352,Camilo Capiberibe,PSB,https://dadosabertos.camara.leg.br/api/v2/partidos/36832,AP,56,http://www.camara.gov.br/internet/deputado/bandep/204352.jpg,0.1895587742328643,0.4461117386817932,-0.1598375886678695,#90ee90
51,51,204426,https://dadosabertos.camara.leg.br/api/v2/deputados/204426,Carlos Veras,PT,https://dadosabertos.camara.leg.br/api/v2/partidos/36844,PE,56,http://www.camara.gov.br/internet/deputado/bandep/204426.jpg,0.2099235951900482,0.4971943795681,0.1760435998439788,#d62728
52,52,141398,https://dadosabertos.camara.leg.br/api/v2/deputados/141398,Carlos Zarattini,PT,https://dadosabertos.camara.leg.br/api/v2/partidos/36844,SP,56,http://www.camara.gov.br/internet/deputado/bandep/141398.jpg,0.3135747611522674,0.377218633890152,0.3379387557506561,#d62728
54,54,204370,https://dadosabertos.camara.leg.br/api/v2/deputados/204370,Célio Moura,PT,https://dadosabertos.camara.leg.br/api/v2/partidos/36844,TO,56,http://www.camara.gov.br/internet/deputado/bandep/204370.jpg,0.1023077219724655,0.3968411982059479,0.3194473087787628,#d62728
55,55,204488,https://dadosabertos.camara.leg.br/api/v2/deputados/204488,Célio Studart,PSD,https://dadosabertos.camara.leg.br/api/v2/partidos/36834,CE,56,http://www.camara.gov.br/internet/deputado/bandep/204488.jpg,-0.1190370544791221,0.4018386602401733,-0.3034400343894958,#660000
58,58,204504,https://dadosabertos.camara.leg.br/api/v2/deputados/204504,Cezinha de Madureira,PSD,https://dadosabertos.camara.leg.br/api/v2/partidos/36834,SP,56,http://www.camara.gov.br/internet/deputado/bandep/204504.jpg,0.2625613212585449,-0.1096923053264617,-0.0241301544010639,#660000
59,59,205476,https://dadosabertos.camara.leg.br/api/v2/deputados/205476,Charles Fernandes,PSD,https://dadosabertos.camara.leg.br/api/v2/partidos/36834,BA,56,http://www.camara.gov.br/internet/deputado/bandep/205476.jpg,0.076993778347969,0.0499160848557949,0.0126890987157821,#660000
60,60,204490,https://dadosabertos.camara.leg.br/api/v2/deputados/204490,Charlles Evangelista,PP,https://dadosabertos.camara.leg.br/api/v2/partidos/37903,MG,56,http://www.camara.gov.br/internet/deputado/bandep/204490.jpg,-0.085400179028511,-0.2982193231582641,-0.12079319357872,#008000
61,61,141439,https://dadosabertos.camara.leg.br/api/v2/deputados/141439,Chico D`Angelo,PDT,https://dadosabertos.camara.leg.br/api/v2/partidos/36786,RJ,56,http://www.camara.gov.br/internet/deputado/bandep/141439.jpg,0.2018457651138305,0.2952201068401336,-0.1670694798231125,#32cd32
63,63,178928,https://dadosabertos.camara.leg.br/api/v2/deputados/178928,Christiane de Souza Yared,PP,https://dadosabertos.camara.leg.br/api/v2/partidos/37903,PR,56,http://www.camara.gov.br/internet/deputado/bandep/178928.jpg,0.2296445220708847,-0.0929222255945205,-0.0489903204143047,#008000
64,64,204440,https://dadosabertos.camara.leg.br/api/v2/deputados/204440,Christino Aureo,PP,https://dadosabertos.camara.leg.br/api/v2/partidos/37903,RJ,56,http://www.camara.gov.br/internet/deputado/bandep/204440.jpg,0.1892911344766616,-0.265133261680603,0.0748759508132934,#008000
66,66,74537,https://dadosabertos.camara.leg.br/api/v2/deputados/74537,Claudio Cajado,PP,https://dadosabertos.camara.leg.br/api/v2/partidos/37903,BA,56,http://www.camara.gov.br/internet/deputado/bandep/74537.jpg,-0.0446340925991535,-0.0827378258109092,-0.1956413239240646,#008000
70,70,178963,https://dadosabertos.camara.leg.br/api/v2/deputados/178963,Covatti Filho,PP,https://dadosabertos.camara.leg.br/api/v2/partidos/37903,RS,56,http://www.camara.gov.br/internet/deputado/bandep/178963.jpg,-0.0737385302782058,-0.3446890413761139,0.2044279724359512,#008000
71,71,135054,https://dadosabertos.camara.leg.br/api/v2/deputados/135054,Cristiano Vale,PP,https://dadosabertos.camara.leg.br/api/v2/partidos/37903,PA,56,http://www.camara.gov.br/internet/deputado/bandep/135054.jpg,0.1037770211696624,-0.2750970721244812,-0.2820278704166412,#008000
72,72,204355,https://dadosabertos.camara.leg.br/api/v2/deputados/204355,Da Vitória,PP,https://dadosabertos.camara.leg.br/api/v2/partidos/37903,ES,56,http://www.camara.gov.br/internet/deputado/bandep/204355.jpg,-0.2692639231681824,-0.2170564532279968,0.0321549884974956,#008000
73,73,141411,https://dadosabertos.camara.leg.br/api/v2/deputados/141411,Dagoberto Nogueira,PSDB,https://dadosabertos.camara.leg.br/api/v2/partidos/36835,MS,56,http://www.camara.gov.br/internet/deputado/bandep/141411.jpg,-0.048279520124197,0.2117943316698074,0.4129379093647003,#1f77b4
77,77,204454,https://dadosabertos.camara.leg.br/api/v2/deputados/204454,Daniel Silveira,PTB,https://dadosabertos.camara.leg.br/api/v2/partidos/36845,RJ,56,http://www.camara.gov.br/internet/deputado/bandep/204454.jpg,-0.3327584266662597,-0.2423842996358871,0.0395047962665557,#9467bd
78,78,204409,https://dadosabertos.camara.leg.br/api/v2/deputados/204409,Daniel Trzeciak,PSDB,https://dadosabertos.camara.leg.br/api/v2/partidos/36835,RS,56,http://www.camara.gov.br/internet/deputado/bandep/204409.jpg,0.1217590346932411,-0.1325353235006332,0.3913396000862121,#1f77b4
80,80,160528,https://dadosabertos.camara.leg.br/api/v2/deputados/160528,Danilo Cabral,PSB,https://dadosabertos.camara.leg.br/api/v2/partidos/36832,PE,56,http://www.camara.gov.br/internet/deputado/bandep/160528.jpg,0.2056952267885208,0.3158360123634338,0.3316157162189483,#90ee90
82,82,160552,https://dadosabertos.camara.leg.br/api/v2/deputados/160552,Danrlei de Deus Hinterholz,PSD,https://dadosabertos.camara.leg.br/api/v2/partidos/36834,RS,56,http://www.camara.gov.br/internet/deputado/bandep/160552.jpg,-0.1333736479282379,-0.3278759121894836,0.4109803736209869,#660000
83,83,116379,https://dadosabertos.camara.leg.br/api/v2/deputados/116379,Darci de Matos,PSD,https://dadosabertos.camara.leg.br/api/v2/partidos/36834,SC,56,http://www.camara.gov.br/internet/deputado/bandep/116379.jpg,0.3801807463169098,-0.181569367647171,0.0154978577047586,#660000
84,84,205548,https://dadosabertos.camara.leg.br/api/v2/deputados/205548,David Miranda,PDT,https://dadosabertos.camara.leg.br/api/v2/partidos/36786,RJ,56,http://www.camara.gov.br/internet/deputado/bandep/205548.jpg,0.3730429410934448,0.4014100730419159,-0.2880084216594696,#32cd32
90,90,204542,https://dadosabertos.camara.leg.br/api/v2/deputados/204542,Denis Bezerra,PSB,https://dadosabertos.camara.leg.br/api/v2/partidos/36832,CE,56,http://www.camara.gov.br/internet/deputado/bandep/204542.jpg,-0.1855774819850921,0.3680269122123718,0.3594244122505188,#90ee90
91,91,160599,https://dadosabertos.camara.leg.br/api/v2/deputados/160599,Dimas Fabiano,PP,https://dadosabertos.camara.leg.br/api/v2/partidos/37903,MG,56,http://www.camara.gov.br/internet/deputado/bandep/160599.jpg,-0.284601479768753,-0.1630656719207763,0.0170791093260049,#008000
92,92,143632,https://dadosabertos.camara.leg.br/api/v2/deputados/143632,Domingos Neto,PSD,https://dadosabertos.camara.leg.br/api/v2/partidos/36834,CE,56,http://www.camara.gov.br/internet/deputado/bandep/143632.jpg,0.1628642976284027,-0.2651070952415466,0.3764889538288116,#660000
97,97,204351,https://dadosabertos.camara.leg.br/api/v2/deputados/204351,Dr. Luiz Ovando,PP,https://dadosabertos.camara.leg.br/api/v2/partidos/37903,MS,56,http://www.camara.gov.br/internet/deputado/bandep/204351.jpg,0.099779836833477,-0.3194824159145355,0.0294754076749086,#008000
99,99,81297,https://dadosabertos.camara.leg.br/api/v2/deputados/81297,Dra. Soraya Manato,PTB,https://dadosabertos.camara.leg.br/api/v2/partidos/36845,ES,56,http://www.camara.gov.br/internet/deputado/bandep/81297.jpg,-0.1968959867954254,-0.2108963876962661,0.0713795721530914,#9467bd
100,100,204434,https://dadosabertos.camara.leg.br/api/v2/deputados/204434,Dra. Vanda Milani,PROS,https://dadosabertos.camara.leg.br/api/v2/partidos/36763,AC,56,http://www.camara.gov.br/internet/deputado/bandep/204434.jpg,0.1543061882257461,-0.2236474305391311,-0.2572365999221802,#ffa500
103,103,204541,https://dadosabertos.camara.leg.br/api/v2/deputados/204541,Eduardo Bismarck,PDT,https://dadosabertos.camara.leg.br/api/v2/partidos/36786,CE,56,http://www.camara.gov.br/internet/deputado/bandep/204541.jpg,-0.2082164734601974,0.3505510091781616,-0.1702346354722976,#32cd32
105,105,204500,https://dadosabertos.camara.leg.br/api/v2/deputados/204500,Eduardo Costa,PSD,https://dadosabertos.camara.leg.br/api/v2/partidos/36834,PA,56,http://www.camara.gov.br/internet/deputado/bandep/204500.jpg,0.109664149582386,-0.2787130177021026,0.2843716144561767,#660000
106,106,178977,https://dadosabertos.camara.leg.br/api/v2/deputados/178977,Eduardo Cury,PSDB,https://dadosabertos.camara.leg.br/api/v2/partidos/36835,SP,56,http://www.camara.gov.br/internet/deputado/bandep/178977.jpg,0.4016167521476745,0.0495858564972877,-0.1504236161708831,#1f77b4
107,107,141421,https://dadosabertos.camara.leg.br/api/v2/deputados/141421,Eduardo da Fonte,PP,https://dadosabertos.camara.leg.br/api/v2/partidos/37903,PE,56,http://www.camara.gov.br/internet/deputado/bandep/141421.jpg,0.0988669916987419,0.0850335210561752,-0.1719271838665008,#008000
110,110,154919,https://dadosabertos.camara.leg.br/api/v2/deputados/154919,Eleuses Paiva,PSD,https://dadosabertos.camara.leg.br/api/v2/partidos/36834,SP,56,http://www.camara.gov.br/internet/deputado/bandep/154919.jpg,-0.0367178991436958,-0.2839025855064392,0.4799718558788299,#660000
112,112,204389,https://dadosabertos.camara.leg.br/api/v2/deputados/204389,Elias Vaz,PSB,https://dadosabertos.camara.leg.br/api/v2/partidos/36832,GO,56,http://www.camara.gov.br/internet/deputado/bandep/204389.jpg,0.2222589552402496,0.3719396293163299,0.2211056351661682,#90ee90
113,113,220008,https://dadosabertos.camara.leg.br/api/v2/deputados/220008,Eliza Virgínia,PP,https://dadosabertos.camara.leg.br/api/v2/partidos/37903,PB,56,http://www.camara.gov.br/internet/deputado/bandep/220008.jpg,-0.2462877482175827,-0.7326591610908508,0.2013052105903625,#008000
114,114,132504,https://dadosabertos.camara.leg.br/api/v2/deputados/132504,Enio Verri,PT,https://dadosabertos.camara.leg.br/api/v2/partidos/36844,PR,56,http://www.camara.gov.br/internet/deputado/bandep/132504.jpg,-0.023049708455801,0.4018307328224182,0.2634291350841522,#d62728
116,116,160575,https://dadosabertos.camara.leg.br/api/v2/deputados/160575,Erika Kokay,PT,https://dadosabertos.camara.leg.br/api/v2/partidos/36844,DF,56,http://www.camara.gov.br/internet/deputado/bandep/160575.jpg,0.178806647658348,0.4821608960628509,0.2085470408201217,#d62728
118,118,178871,https://dadosabertos.camara.leg.br/api/v2/deputados/178871,Evair Vieira de Melo,PP,https://dadosabertos.camara.leg.br/api/v2/partidos/37903,ES,56,http://www.camara.gov.br/internet/deputado/bandep/178871.jpg,-0.1917845755815506,-0.2611463367938995,-0.0476819947361946,#008000
119,119,178953,https://dadosabertos.camara.leg.br/api/v2/deputados/178953,Expedito Netto,PSD,https://dadosabertos.camara.leg.br/api/v2/partidos/36834,RO,56,http://www.camara.gov.br/internet/deputado/bandep/178953.jpg,-0.2498887926340103,0.0205231513828039,-0.0731138512492179,#660000
121,121,171623,https://dadosabertos.camara.leg.br/api/v2/deputados/171623,Fabio Reis,PSD,https://dadosabertos.camara.leg.br/api/v2/partidos/36834,SE,56,http://www.camara.gov.br/internet/deputado/bandep/171623.jpg,0.1801547259092331,-0.1056285500526428,-0.2994779646396637,#660000
123,123,66828,https://dadosabertos.camara.leg.br/api/v2/deputados/66828,Fausto Pinato,PP,https://dadosabertos.camara.leg.br/api/v2/partidos/37903,SP,56,http://www.camara.gov.br/internet/deputado/bandep/66828.jpg,0.1457182765007019,0.0007840014877729,-0.1611684411764145,#008000
124,124,72442,https://dadosabertos.camara.leg.br/api/v2/deputados/72442,Felipe Carreras,PSB,https://dadosabertos.camara.leg.br/api/v2/partidos/36832,PE,56,http://www.camara.gov.br/internet/deputado/bandep/72442.jpg,0.2584899365901947,0.1466609388589859,0.3159250915050506,#90ee90
127,127,160666,https://dadosabertos.camara.leg.br/api/v2/deputados/160666,Félix Mendonça Júnior,PDT,https://dadosabertos.camara.leg.br/api/v2/partidos/36786,BA,56,http://www.camara.gov.br/internet/deputado/bandep/160666.jpg,0.0678964480757713,0.2975548803806305,0.0199872348457574,#32cd32
128,128,204407,https://dadosabertos.camara.leg.br/api/v2/deputados/204407,Fernanda Melchionna,PSOL,https://dadosabertos.camara.leg.br/api/v2/partidos/36839,RS,56,http://www.camara.gov.br/internet/deputado/bandep/204407.jpg,-0.0794805884361267,0.6435320377349854,0.0395670682191848,#ffcc00
130,130,92699,https://dadosabertos.camara.leg.br/api/v2/deputados/92699,Fernando Monteiro,PP,https://dadosabertos.camara.leg.br/api/v2/partidos/37903,PE,56,http://www.camara.gov.br/internet/deputado/bandep/92699.jpg,0.2077573984861374,-0.0850745886564254,-0.116888090968132,#008000
133,133,160598,https://dadosabertos.camara.leg.br/api/v2/deputados/160598,Flávia Morais,PDT,https://dadosabertos.camara.leg.br/api/v2/partidos/36786,GO,56,http://www.camara.gov.br/internet/deputado/bandep/160598.jpg,-0.3425268232822418,0.2924858629703522,-0.0289076939225196,#32cd32
134,134,191923,https://dadosabertos.camara.leg.br/api/v2/deputados/191923,Flávio Nogueira,PT,https://dadosabertos.camara.leg.br/api/v2/partidos/36844,PI,56,http://www.camara.gov.br/internet/deputado/bandep/191923.jpg,0.2639723420143127,0.3932441473007202,-0.0475654043257236,#d62728
135,135,204392,https://dadosabertos.camara.leg.br/api/v2/deputados/204392,Francisco Jr.,PSD,https://dadosabertos.camara.leg.br/api/v2/partidos/36834,GO,56,http://www.camara.gov.br/internet/deputado/bandep/204392.jpg,0.1222664713859558,-0.0682694017887115,0.3059679269790649,#660000
136,136,204510,https://dadosabertos.camara.leg.br/api/v2/deputados/204510,Franco Cartafina,PP,https://dadosabertos.camara.leg.br/api/v2/partidos/37903,MG,56,http://www.camara.gov.br/internet/deputado/bandep/204510.jpg,0.1212052330374717,-0.2881803214550018,0.0685058981180191,#008000
137,137,204393,https://dadosabertos.camara.leg.br/api/v2/deputados/204393,Frei Anastacio Ribeiro,PT,https://dadosabertos.camara.leg.br/api/v2/partidos/36844,PB,56,http://www.camara.gov.br/internet/deputado/bandep/204393.jpg,0.0701480880379676,0.4587653875350952,0.2101150453090667,#d62728
141,141,204394,https://dadosabertos.camara.leg.br/api/v2/deputados/204394,Gervásio Maia,PSB,https://dadosabertos.camara.leg.br/api/v2/partidos/36832,PB,56,http://www.camara.gov.br/internet/deputado/bandep/204394.jpg,0.3437914252281189,0.3709413409233093,0.2498974055051803,#90ee90
147,147,152605,https://dadosabertos.camara.leg.br/api/v2/deputados/152605,Glauber Braga,PSOL,https://dadosabertos.camara.leg.br/api/v2/partidos/36839,RJ,56,http://www.camara.gov.br/internet/deputado/bandep/152605.jpg,0.1745557487010955,0.6626197099685669,-0.0206523276865482,#ffcc00
148,148,74419,https://dadosabertos.camara.leg.br/api/v2/deputados/74419,Gonzaga Patriota,PSB,https://dadosabertos.camara.leg.br/api/v2/partidos/36832,PE,56,http://www.camara.gov.br/internet/deputado/bandep/74419.jpg,0.2001863420009613,0.4168877303600311,-0.1983414441347122,#90ee90
149,149,204513,https://dadosabertos.camara.leg.br/api/v2/deputados/204513,Guiga Peixoto,PSC,https://dadosabertos.camara.leg.br/api/v2/partidos/36833,SP,56,http://www.camara.gov.br/internet/deputado/bandep/204513.jpg,-0.2079461961984634,-0.0607659108936786,-0.1578423082828521,#8c564b
151,151,73460,https://dadosabertos.camara.leg.br/api/v2/deputados/73460,Gustavo Fruet,PDT,https://dadosabertos.camara.leg.br/api/v2/partidos/36786,PR,56,http://www.camara.gov.br/internet/deputado/bandep/73460.jpg,0.4461017847061157,0.1705254465341568,0.0677507072687149,#32cd32
155,155,178873,https://dadosabertos.camara.leg.br/api/v2/deputados/178873,Helder Salomão,PT,https://dadosabertos.camara.leg.br/api/v2/partidos/36844,ES,56,http://www.camara.gov.br/internet/deputado/bandep/178873.jpg,0.0047126202844083,0.4933435916900635,-0.0376049093902111,#d62728
158,158,73482,https://dadosabertos.camara.leg.br/api/v2/deputados/73482,Henrique Fontana,PT,https://dadosabertos.camara.leg.br/api/v2/partidos/36844,RS,56,http://www.camara.gov.br/internet/deputado/bandep/73482.jpg,-0.2595929205417633,0.4874935746192932,0.1948490440845489,#d62728
162,162,178959,https://dadosabertos.camara.leg.br/api/v2/deputados/178959,Hiran Gonçalves,PP,https://dadosabertos.camara.leg.br/api/v2/partidos/37903,RR,56,http://www.camara.gov.br/internet/deputado/bandep/178959.jpg,0.0900598093867302,-0.4401775598526001,-0.217537060379982,#008000
163,163,141450,https://dadosabertos.camara.leg.br/api/v2/deputados/141450,Hugo Leal,PSD,https://dadosabertos.camara.leg.br/api/v2/partidos/36834,RJ,56,http://www.camara.gov.br/internet/deputado/bandep/141450.jpg,0.1847905069589615,-0.1447491198778152,0.1847719550132751,#660000
165,165,204533,https://dadosabertos.camara.leg.br/api/v2/deputados/204533,Idilvan Alencar,PDT,https://dadosabertos.camara.leg.br/api/v2/partidos/36786,CE,56,http://www.camara.gov.br/internet/deputado/bandep/204533.jpg,0.3102459609508514,0.2755472064018249,-0.0352439619600772,#32cd32
167,167,73531,https://dadosabertos.camara.leg.br/api/v2/deputados/73531,Ivan Valente,PSOL,https://dadosabertos.camara.leg.br/api/v2/partidos/36839,SP,56,http://www.camara.gov.br/internet/deputado/bandep/73531.jpg,0.1694556027650833,0.5889586806297302,-0.0210782792419195,#ffcc00
168,168,108338,https://dadosabertos.camara.leg.br/api/v2/deputados/108338,Jaqueline Cassol,PP,https://dadosabertos.camara.leg.br/api/v2/partidos/37903,RO,56,http://www.camara.gov.br/internet/deputado/bandep/108338.jpg,0.3317680954933166,-0.2899195551872253,-0.0571887157857418,#008000
170,170,204435,https://dadosabertos.camara.leg.br/api/v2/deputados/204435,Jesus Sérgio,PDT,https://dadosabertos.camara.leg.br/api/v2/partidos/36786,AC,56,http://www.camara.gov.br/internet/deputado/bandep/204435.jpg,-0.374140590429306,0.2920350730419159,0.1031410694122314,#32cd32
173,173,178970,https://dadosabertos.camara.leg.br/api/v2/deputados/178970,João Daniel,PT,https://dadosabertos.camara.leg.br/api/v2/partidos/36844,SE,56,http://www.camara.gov.br/internet/deputado/bandep/178970.jpg,0.3774382472038269,0.3229347467422485,0.1186170727014541,#d62728
178,178,204546,https://dadosabertos.camara.leg.br/api/v2/deputados/204546,Joice Hasselmann,PSDB,https://dadosabertos.camara.leg.br/api/v2/partidos/36835,SP,56,http://www.camara.gov.br/internet/deputado/bandep/204546.jpg,-0.1225857660174369,0.0427133403718471,0.3800310492515564,#1f77b4
179,179,217480,https://dadosabertos.camara.leg.br/api/v2/deputados/217480,Jones Moura,PSD,https://dadosabertos.camara.leg.br/api/v2/partidos/36834,RJ,56,http://www.camara.gov.br/internet/deputado/bandep/217480.jpg,-0.1575038135051727,0.0164030864834785,-0.0541553907096385,#660000
181,181,178857,https://dadosabertos.camara.leg.br/api/v2/deputados/178857,Jorge Solla,PT,https://dadosabertos.camara.leg.br/api/v2/partidos/36844,BA,56,http://www.camara.gov.br/internet/deputado/bandep/178857.jpg,0.2738705575466156,0.4863131046295166,0.069200798869133,#d62728
182,182,141464,https://dadosabertos.camara.leg.br/api/v2/deputados/141464,José Airton Félix Cirilo,PT,https://dadosabertos.camara.leg.br/api/v2/partidos/36844,CE,56,http://www.camara.gov.br/internet/deputado/bandep/141464.jpg,0.3540632724761963,0.4285619556903839,0.0427713021636009,#d62728
183,183,141470,https://dadosabertos.camara.leg.br/api/v2/deputados/141470,José Guimarães,PT,https://dadosabertos.camara.leg.br/api/v2/partidos/36844,CE,56,http://www.camara.gov.br/internet/deputado/bandep/141470.jpg,0.2060562521219253,0.5141986608505249,-0.0317893214523792,#d62728
187,187,204555,https://dadosabertos.camara.leg.br/api/v2/deputados/204555,José Ricardo,PT,https://dadosabertos.camara.leg.br/api/v2/partidos/36844,AM,56,http://www.camara.gov.br/internet/deputado/bandep/204555.jpg,-0.1569466888904571,0.5130916833877563,0.2624818384647369,#d62728
189,189,215043,https://dadosabertos.camara.leg.br/api/v2/deputados/215043,Josivaldo JP,PSD,https://dadosabertos.camara.leg.br/api/v2/partidos/36834,MA,56,http://www.camara.gov.br/internet/deputado/bandep/215043.jpg,0.3447937071323395,-0.0861381441354751,-0.0268481578677892,#660000
191,191,74317,https://dadosabertos.camara.leg.br/api/v2/deputados/74317,Júlio Cesar,PSD,https://dadosabertos.camara.leg.br/api/v2/partidos/36834,PI,56,http://www.camara.gov.br/internet/deputado/bandep/74317.jpg,-0.1422000378370285,-0.1597127169370651,0.4004813134670257,#660000
193,193,73586,https://dadosabertos.camara.leg.br/api/v2/deputados/73586,Júlio Delgado,PV,https://dadosabertos.camara.leg.br/api/v2/partidos/36851,MG,56,http://www.camara.gov.br/internet/deputado/bandep/73586.jpg,0.0016958544729277,0.4331642985343933,-0.0970512330532074,#e377c2
196,196,204497,https://dadosabertos.camara.leg.br/api/v2/deputados/204497,Júnior Ferrari,PSD,https://dadosabertos.camara.leg.br/api/v2/partidos/36834,PA,56,http://www.camara.gov.br/internet/deputado/bandep/204497.jpg,0.1457991003990173,-0.0575620047748088,0.0461027286946773,#660000
199,199,151208,https://dadosabertos.camara.leg.br/api/v2/deputados/151208,Laercio Oliveira,PP,https://dadosabertos.camara.leg.br/api/v2/partidos/37903,SE,56,http://www.camara.gov.br/internet/deputado/bandep/151208.jpg,-0.3536989390850067,-0.1501480340957641,0.016682306304574,#008000
201,201,160534,https://dadosabertos.camara.leg.br/api/v2/deputados/160534,Lauriete,PSC,https://dadosabertos.camara.leg.br/api/v2/partidos/36833,ES,56,http://www.camara.gov.br/internet/deputado/bandep/160534.jpg,-0.1583861857652664,0.0029843063093721,-0.0530656687915325,#8c564b
202,202,141480,https://dadosabertos.camara.leg.br/api/v2/deputados/141480,Lázaro Botelho,PP,https://dadosabertos.camara.leg.br/api/v2/partidos/37903,TO,56,http://www.camara.gov.br/internet/deputado/bandep/141480.jpg,-0.0726084038615226,-0.6659497618675232,0.192217156291008,#008000
203,203,178832,https://dadosabertos.camara.leg.br/api/v2/deputados/178832,Leandre,PSD,https://dadosabertos.camara.leg.br/api/v2/partidos/36834,PR,56,http://www.camara.gov.br/internet/deputado/bandep/178832.jpg,-0.4482587277889251,0.0315048024058342,0.088597796857357,#660000
204,204,178825,https://dadosabertos.camara.leg.br/api/v2/deputados/178825,Leo de Brito,PT,https://dadosabertos.camara.leg.br/api/v2/partidos/36844,AC,56,http://www.camara.gov.br/internet/deputado/bandep/178825.jpg,-0.0168757382780313,0.5724201202392578,0.141099065542221,#d62728
207,207,74156,https://dadosabertos.camara.leg.br/api/v2/deputados/74156,Leonardo Monteiro,PT,https://dadosabertos.camara.leg.br/api/v2/partidos/36844,MG,56,http://www.camara.gov.br/internet/deputado/bandep/74156.jpg,-0.2393824458122253,0.5544784665107727,0.0493738763034343,#d62728
208,208,74299,https://dadosabertos.camara.leg.br/api/v2/deputados/74299,Leônidas Cristino,PDT,https://dadosabertos.camara.leg.br/api/v2/partidos/36786,CE,56,http://www.camara.gov.br/internet/deputado/bandep/74299.jpg,-0.1318301558494568,0.2816314101219177,0.2084748297929763,#32cd32
212,212,219592,https://dadosabertos.camara.leg.br/api/v2/deputados/219592,Lucas Follador,PSC,https://dadosabertos.camara.leg.br/api/v2/partidos/36833,RO,56,http://www.camara.gov.br/internet/deputado/bandep/219592.jpg,-0.0421373471617698,-0.5001789927482605,0.4265232980251312,#8c564b
214,214,204404,https://dadosabertos.camara.leg.br/api/v2/deputados/204404,Lucas Redecker,PSDB,https://dadosabertos.camara.leg.br/api/v2/partidos/36835,RS,56,http://www.camara.gov.br/internet/deputado/bandep/204404.jpg,0.3003855049610138,-0.2971047461032867,0.1872726827859878,#1f77b4
215,215,178931,https://dadosabertos.camara.leg.br/api/v2/deputados/178931,Luciano Ducci,PSB,https://dadosabertos.camara.leg.br/api/v2/partidos/36832,PR,56,http://www.camara.gov.br/internet/deputado/bandep/178931.jpg,-0.0920173302292823,0.2963230609893799,-0.2091379314661026,#90ee90
217,217,204448,https://dadosabertos.camara.leg.br/api/v2/deputados/204448,Luiz Antônio Corrêa,PP,https://dadosabertos.camara.leg.br/api/v2/partidos/37903,RJ,56,http://www.camara.gov.br/internet/deputado/bandep/204448.jpg,-0.1504872143268585,-0.13889080286026,-0.1309325546026229,#008000
218,218,160645,https://dadosabertos.camara.leg.br/api/v2/deputados/160645,Luiz Carlos,PSDB,https://dadosabertos.camara.leg.br/api/v2/partidos/36835,AP,56,http://www.camara.gov.br/internet/deputado/bandep/160645.jpg,-0.0282280277460813,-0.253048300743103,0.4097674489021301,#1f77b4
221,221,162332,https://dadosabertos.camara.leg.br/api/v2/deputados/162332,Luiz Nishimori,PSD,https://dadosabertos.camara.leg.br/api/v2/partidos/36834,PR,56,http://www.camara.gov.br/internet/deputado/bandep/162332.jpg,-0.0272297244518995,-0.3149532973766327,0.0894324705004692,#660000
223,223,74784,https://dadosabertos.camara.leg.br/api/v2/deputados/74784,Luiza Erundina,PSOL,https://dadosabertos.camara.leg.br/api/v2/partidos/36839,SP,56,http://www.camara.gov.br/internet/deputado/bandep/74784.jpg,0.0075611257925629,0.6494026184082031,-0.1551978439092636,#ffcc00
224,224,178866,https://dadosabertos.camara.leg.br/api/v2/deputados/178866,Luizianne Lins,PT,https://dadosabertos.camara.leg.br/api/v2/partidos/36844,CE,56,http://www.camara.gov.br/internet/deputado/bandep/178866.jpg,-0.1061498895287513,0.5783774256706238,0.1826448440551757,#d62728
230,230,204433,https://dadosabertos.camara.leg.br/api/v2/deputados/204433,Marcelo Calero,PSD,https://dadosabertos.camara.leg.br/api/v2/partidos/36834,RJ,56,http://www.camara.gov.br/internet/deputado/bandep/204433.jpg,0.3038123250007629,0.0833575427532196,0.240895465016365,#660000
231,231,76874,https://dadosabertos.camara.leg.br/api/v2/deputados/76874,Marcelo Freixo,PSB,https://dadosabertos.camara.leg.br/api/v2/partidos/36832,RJ,56,http://www.camara.gov.br/internet/deputado/bandep/76874.jpg,0.0761398896574974,0.4090805053710937,0.3038017153739929,#90ee90
233,233,204556,https://dadosabertos.camara.leg.br/api/v2/deputados/204556,Marcelo Ramos,PSD,https://dadosabertos.camara.leg.br/api/v2/partidos/36834,AM,56,http://www.camara.gov.br/internet/deputado/bandep/204556.jpg,0.0672969371080398,0.2601341307163238,-0.2239985167980194,#660000
239,239,204522,https://dadosabertos.camara.leg.br/api/v2/deputados/204522,Marco Bertaiolli,PSD,https://dadosabertos.camara.leg.br/api/v2/partidos/36834,SP,56,http://www.camara.gov.br/internet/deputado/bandep/204522.jpg,0.1390931904315948,0.0416365377604961,-0.1487231254577636,#660000
240,240,160535,https://dadosabertos.camara.leg.br/api/v2/deputados/160535,Marcon,PT,https://dadosabertos.camara.leg.br/api/v2/partidos/36844,RS,56,http://www.camara.gov.br/internet/deputado/bandep/160535.jpg,0.2680781483650207,0.4975017607212066,0.2654343545436859,#d62728
241,241,204431,https://dadosabertos.camara.leg.br/api/v2/deputados/204431,Marcos Aurélio Sampaio,PSD,https://dadosabertos.camara.leg.br/api/v2/partidos/36834,PI,56,http://www.camara.gov.br/internet/deputado/bandep/204431.jpg,0.1352636069059372,-0.056104626506567,-0.180326297879219,#660000
243,243,204430,https://dadosabertos.camara.leg.br/api/v2/deputados/204430,Margarete Coelho,PP,https://dadosabertos.camara.leg.br/api/v2/partidos/37903,PI,56,http://www.camara.gov.br/internet/deputado/bandep/204430.jpg,0.056307666003704,-0.1280350238084793,-0.114568218588829,#008000
244,244,74398,https://dadosabertos.camara.leg.br/api/v2/deputados/74398,Maria do Rosário,PT,https://dadosabertos.camara.leg.br/api/v2/partidos/36844,RS,56,http://www.camara.gov.br/internet/deputado/bandep/74398.jpg,0.0588971562683582,0.5057187080383301,-0.2239329367876052,#d62728
248,248,74158,https://dadosabertos.camara.leg.br/api/v2/deputados/74158,Mário Heringer,PDT,https://dadosabertos.camara.leg.br/api/v2/partidos/36786,MG,56,http://www.camara.gov.br/internet/deputado/bandep/74158.jpg,-0.1852422952651977,0.2057664394378662,0.3588964641094208,#32cd32
249,249,178858,https://dadosabertos.camara.leg.br/api/v2/deputados/178858,Mário Negromonte Jr.,PP,https://dadosabertos.camara.leg.br/api/v2/partidos/37903,BA,56,http://www.camara.gov.br/internet/deputado/bandep/178858.jpg,-0.3438656330108642,-0.3149718344211578,-0.05402422696352,#008000
251,251,178843,https://dadosabertos.camara.leg.br/api/v2/deputados/178843,Marx Beltrão,PP,https://dadosabertos.camara.leg.br/api/v2/partidos/37903,AL,56,http://www.camara.gov.br/internet/deputado/bandep/178843.jpg,-0.006030882243067,0.051154188811779,0.1275428235530853,#008000
253,253,204486,https://dadosabertos.camara.leg.br/api/v2/deputados/204486,Mauro Benevides Filho,PDT,https://dadosabertos.camara.leg.br/api/v2/partidos/36786,CE,56,http://www.camara.gov.br/internet/deputado/bandep/204486.jpg,-0.1552667319774627,0.2559677064418793,0.3675181567668915,#32cd32
254,254,74749,https://dadosabertos.camara.leg.br/api/v2/deputados/74749,Mauro Lopes,PP,https://dadosabertos.camara.leg.br/api/v2/partidos/37903,MG,56,http://www.camara.gov.br/internet/deputado/bandep/74749.jpg,-0.1194934844970703,-0.0266573745757341,-0.3409356474876404,#008000
255,255,141508,https://dadosabertos.camara.leg.br/api/v2/deputados/141508,Mauro Nazif,PSB,https://dadosabertos.camara.leg.br/api/v2/partidos/36832,RO,56,http://www.camara.gov.br/internet/deputado/bandep/141508.jpg,0.2003784477710724,0.3620761930942535,-0.0573569759726524,#90ee90
256,256,188097,https://dadosabertos.camara.leg.br/api/v2/deputados/188097,Merlong Solano,PT,https://dadosabertos.camara.leg.br/api/v2/partidos/36844,PI,56,http://www.camara.gov.br/internet/deputado/bandep/188097.jpg,0.3406428396701813,0.3276765048503876,0.0725189745426178,#d62728
259,259,178895,https://dadosabertos.camara.leg.br/api/v2/deputados/178895,Misael Varella,PSD,https://dadosabertos.camara.leg.br/api/v2/partidos/36834,MG,56,http://www.camara.gov.br/internet/deputado/bandep/178895.jpg,0.2909218370914459,-0.2425601780414581,0.2209440022706985,#660000
260,260,204453,https://dadosabertos.camara.leg.br/api/v2/deputados/204453,Natália Bonavides,PT,https://dadosabertos.camara.leg.br/api/v2/partidos/36844,RN,56,http://www.camara.gov.br/internet/deputado/bandep/204453.jpg,0.3133203685283661,0.4556366801261902,0.0627870261669159,#d62728
262,262,204415,https://dadosabertos.camara.leg.br/api/v2/deputados/204415,Nereu Crispim,PSD,https://dadosabertos.camara.leg.br/api/v2/partidos/36834,RS,56,http://www.camara.gov.br/internet/deputado/bandep/204415.jpg,0.27153080701828,-0.064895249903202,0.2766057848930359,#660000
263,263,146307,https://dadosabertos.camara.leg.br/api/v2/deputados/146307,Neri Geller,PP,https://dadosabertos.camara.leg.br/api/v2/partidos/37903,MT,56,http://www.camara.gov.br/internet/deputado/bandep/146307.jpg,-0.3253973722457886,-0.0760348960757255,-0.3376008868217468,#008000
266,266,74352,https://dadosabertos.camara.leg.br/api/v2/deputados/74352,Nilson Pinto,PSDB,https://dadosabertos.camara.leg.br/api/v2/partidos/36835,PA,56,http://www.camara.gov.br/internet/deputado/bandep/74352.jpg,-0.2309760451316833,0.0105142975226044,0.0470016673207283,#1f77b4
267,267,178986,https://dadosabertos.camara.leg.br/api/v2/deputados/178986,Nilto Tatto,PT,https://dadosabertos.camara.leg.br/api/v2/partidos/36844,SP,56,http://www.camara.gov.br/internet/deputado/bandep/178986.jpg,0.2973250150680542,0.4672181606292724,0.1239961087703704,#d62728
268,268,66179,https://dadosabertos.camara.leg.br/api/v2/deputados/66179,Norma Ayub,PP,https://dadosabertos.camara.leg.br/api/v2/partidos/37903,ES,56,http://www.camara.gov.br/internet/deputado/bandep/66179.jpg,-0.1850084513425827,-0.2685166895389557,-0.1100178956985473,#008000
269,269,74159,https://dadosabertos.camara.leg.br/api/v2/deputados/74159,Odair Cunha,PT,https://dadosabertos.camara.leg.br/api/v2/partidos/36844,MG,56,http://www.camara.gov.br/internet/deputado/bandep/74159.jpg,0.1059041246771812,0.4492050111293793,-0.1068951413035392,#d62728
273,273,73463,https://dadosabertos.camara.leg.br/api/v2/deputados/73463,Osmar Serraglio,PP,https://dadosabertos.camara.leg.br/api/v2/partidos/37903,PR,56,http://www.camara.gov.br/internet/deputado/bandep/73463.jpg,-0.1139508187770843,-0.3653894066810608,0.0269024781882762,#008000
276,276,204573,https://dadosabertos.camara.leg.br/api/v2/deputados/204573,Otto Alencar Filho,PSD,https://dadosabertos.camara.leg.br/api/v2/partidos/36834,BA,56,http://www.camara.gov.br/internet/deputado/bandep/204573.jpg,-0.2839244604110718,0.2232314199209213,-0.0084713231772184,#660000
279,279,74160,https://dadosabertos.camara.leg.br/api/v2/deputados/74160,Patrus Ananias,PT,https://dadosabertos.camara.leg.br/api/v2/partidos/36844,MG,56,http://www.camara.gov.br/internet/deputado/bandep/74160.jpg,0.0692239850759506,0.5592209100723267,-0.0991147458553314,#d62728
281,281,171617,https://dadosabertos.camara.leg.br/api/v2/deputados/171617,Paulão,PT,https://dadosabertos.camara.leg.br/api/v2/partidos/36844,AL,56,http://www.camara.gov.br/internet/deputado/bandep/171617.jpg,-0.0172029864042997,0.5133599638938904,-0.0753992795944213,#d62728
282,282,141516,https://dadosabertos.camara.leg.br/api/v2/deputados/141516,Paulo Abi-Ackel,PSDB,https://dadosabertos.camara.leg.br/api/v2/partidos/36835,MG,56,http://www.camara.gov.br/internet/deputado/bandep/141516.jpg,-0.4208488166332245,0.0278550721704959,-0.2387405335903167,#1f77b4
283,283,204538,https://dadosabertos.camara.leg.br/api/v2/deputados/204538,Paulo Bengtson,PTB,https://dadosabertos.camara.leg.br/api/v2/partidos/36845,PA,56,http://www.camara.gov.br/internet/deputado/bandep/204538.jpg,0.2175695151090622,-0.2752355337142944,-0.1605338156223297,#9467bd
285,285,160517,https://dadosabertos.camara.leg.br/api/v2/deputados/160517,Paulo Foletto,PSB,https://dadosabertos.camara.leg.br/api/v2/partidos/36832,ES,56,http://www.camara.gov.br/internet/deputado/bandep/160517.jpg,-0.3003629744052887,0.3855349421501159,0.3007895946502685,#90ee90
288,288,204492,https://dadosabertos.camara.leg.br/api/v2/deputados/204492,Paulo Guedes,PT,https://dadosabertos.camara.leg.br/api/v2/partidos/36844,MG,56,http://www.camara.gov.br/internet/deputado/bandep/204492.jpg,0.0943849012255668,0.5494916439056396,0.0041376198641955,#d62728
289,289,74574,https://dadosabertos.camara.leg.br/api/v2/deputados/74574,Paulo Magalhães,PSD,https://dadosabertos.camara.leg.br/api/v2/partidos/36834,BA,56,http://www.camara.gov.br/internet/deputado/bandep/74574.jpg,0.1087758168578147,-0.3117589950561523,-0.1274249106645584,#660000
290,290,74400,https://dadosabertos.camara.leg.br/api/v2/deputados/74400,Paulo Pimenta,PT,https://dadosabertos.camara.leg.br/api/v2/partidos/36844,RS,56,http://www.camara.gov.br/internet/deputado/bandep/74400.jpg,-0.2402926385402679,0.4722076952457428,-0.0335063748061656,#d62728
291,291,90201,https://dadosabertos.camara.leg.br/api/v2/deputados/90201,Pedro Augusto Bezerra,PDT,https://dadosabertos.camara.leg.br/api/v2/partidos/36786,CE,56,http://www.camara.gov.br/internet/deputado/bandep/90201.jpg,-0.2564847469329834,0.3261879980564117,-0.1142224222421646,#32cd32
292,292,215045,https://dadosabertos.camara.leg.br/api/v2/deputados/215045,Pedro Augusto Palareti,PP,https://dadosabertos.camara.leg.br/api/v2/partidos/37903,RJ,56,http://www.camara.gov.br/internet/deputado/bandep/215045.jpg,-0.3466405868530273,0.0463133864104747,-0.2194044739007949,#008000
293,293,178912,https://dadosabertos.camara.leg.br/api/v2/deputados/178912,Pedro Cunha Lima,PSDB,https://dadosabertos.camara.leg.br/api/v2/partidos/36835,PB,56,http://www.camara.gov.br/internet/deputado/bandep/178912.jpg,-0.3533564507961273,0.1403597742319107,0.3907454013824463,#1f77b4
295,295,204395,https://dadosabertos.camara.leg.br/api/v2/deputados/204395,Pedro Lupion,PP,https://dadosabertos.camara.leg.br/api/v2/partidos/37903,PR,56,http://www.camara.gov.br/internet/deputado/bandep/204395.jpg,-0.1534807831048965,-0.4240053594112396,-0.0472328588366508,#008000
296,296,160604,https://dadosabertos.camara.leg.br/api/v2/deputados/160604,Pedro Uczai,PT,https://dadosabertos.camara.leg.br/api/v2/partidos/36844,SC,56,http://www.camara.gov.br/internet/deputado/bandep/160604.jpg,-0.1843188405036926,0.4909621179103851,0.1222167834639549,#d62728
297,297,178844,https://dadosabertos.camara.leg.br/api/v2/deputados/178844,Pedro Vilela,PSDB,https://dadosabertos.camara.leg.br/api/v2/partidos/36835,AL,56,http://www.camara.gov.br/internet/deputado/bandep/178844.jpg,0.3317223787307739,-0.037246860563755,0.1511039435863495,#1f77b4
298,298,204406,https://dadosabertos.camara.leg.br/api/v2/deputados/204406,Pedro Westphalen,PP,https://dadosabertos.camara.leg.br/api/v2/partidos/37903,RS,56,http://www.camara.gov.br/internet/deputado/bandep/204406.jpg,-0.2447515428066253,-0.3411774337291717,0.1516332328319549,#008000
299,299,204524,https://dadosabertos.camara.leg.br/api/v2/deputados/204524,Pinheirinho,PP,https://dadosabertos.camara.leg.br/api/v2/partidos/37903,MG,56,http://www.camara.gov.br/internet/deputado/bandep/204524.jpg,-0.2590795159339905,0.0189707148820161,-0.3488114178180694,#008000
301,301,73486,https://dadosabertos.camara.leg.br/api/v2/deputados/73486,Pompeo de Mattos,PDT,https://dadosabertos.camara.leg.br/api/v2/partidos/36786,RS,56,http://www.camara.gov.br/internet/deputado/bandep/73486.jpg,0.3368715345859527,0.2976717948913574,-0.1390242874622345,#32cd32
304,304,204383,https://dadosabertos.camara.leg.br/api/v2/deputados/204383,Professor Israel Batista,PSB,https://dadosabertos.camara.leg.br/api/v2/partidos/36832,DF,56,http://www.camara.gov.br/internet/deputado/bandep/204383.jpg,-0.1479189097881317,0.5591844916343689,-0.135372906923294,#90ee90
306,306,204467,https://dadosabertos.camara.leg.br/api/v2/deputados/204467,Professora Rosa Neide,PT,https://dadosabertos.camara.leg.br/api/v2/partidos/36844,MT,56,http://www.camara.gov.br/internet/deputado/bandep/204467.jpg,-0.1013968586921691,0.4940855503082275,-0.1069852262735366,#d62728
307,307,178951,https://dadosabertos.camara.leg.br/api/v2/deputados/178951,Rafael Motta,PSB,https://dadosabertos.camara.leg.br/api/v2/partidos/36832,RN,56,http://www.camara.gov.br/internet/deputado/bandep/178951.jpg,0.0185987539589405,0.2667158246040344,0.3725520670413971,#90ee90
310,310,178925,https://dadosabertos.camara.leg.br/api/v2/deputados/178925,Rejane Dias,PT,https://dadosabertos.camara.leg.br/api/v2/partidos/36844,PI,56,http://www.camara.gov.br/internet/deputado/bandep/178925.jpg,0.0388681888580322,0.5327788591384888,0.1931114494800567,#d62728
311,311,73788,https://dadosabertos.camara.leg.br/api/v2/deputados/73788,Ricardo Barros,PP,https://dadosabertos.camara.leg.br/api/v2/partidos/37903,PR,56,http://www.camara.gov.br/internet/deputado/bandep/73788.jpg,-0.218751311302185,-0.1762204766273498,-0.3413715362548828,#008000
312,312,215042,https://dadosabertos.camara.leg.br/api/v2/deputados/215042,Ricardo da Karol,PDT,https://dadosabertos.camara.leg.br/api/v2/partidos/36786,RJ,56,http://www.camara.gov.br/internet/deputado/bandep/215042.jpg,0.0762770175933837,0.2404155284166336,-0.3200547695159912,#32cd32
313,313,204362,https://dadosabertos.camara.leg.br/api/v2/deputados/204362,Ricardo Guidi,PSD,https://dadosabertos.camara.leg.br/api/v2/partidos/36834,SC,56,http://www.camara.gov.br/internet/deputado/bandep/204362.jpg,-0.0970273837447166,-0.3524710834026336,0.2524676918983459,#660000
315,315,204489,https://dadosabertos.camara.leg.br/api/v2/deputados/204489,Robério Monteiro,PDT,https://dadosabertos.camara.leg.br/api/v2/partidos/36786,CE,56,http://www.camara.gov.br/internet/deputado/bandep/204489.jpg,-0.0069298176094889,0.3281233310699463,0.0923240408301353,#32cd32
317,317,204530,https://dadosabertos.camara.leg.br/api/v2/deputados/204530,Rodrigo Agostinho,PSB,https://dadosabertos.camara.leg.br/api/v2/partidos/36832,SP,56,http://www.camara.gov.br/internet/deputado/bandep/204530.jpg,-0.0382759645581245,0.4319132566452026,-0.1512013226747512,#90ee90
320,320,204480,https://dadosabertos.camara.leg.br/api/v2/deputados/204480,Rogério Correia,PT,https://dadosabertos.camara.leg.br/api/v2/partidos/36844,MG,56,http://www.camara.gov.br/internet/deputado/bandep/204480.jpg,0.102313682436943,0.3668573796749115,0.324660062789917,#d62728
322,322,178861,https://dadosabertos.camara.leg.br/api/v2/deputados/178861,Ronaldo Carletto,PP,https://dadosabertos.camara.leg.br/api/v2/partidos/37903,BA,56,http://www.camara.gov.br/internet/deputado/bandep/178861.jpg,0.1914473921060562,-0.2154218703508377,0.0361409112811088,#008000
326,326,178887,https://dadosabertos.camara.leg.br/api/v2/deputados/178887,Rubens Pereira Júnior,PT,https://dadosabertos.camara.leg.br/api/v2/partidos/36844,MA,56,http://www.camara.gov.br/internet/deputado/bandep/178887.jpg,-0.1222618296742439,0.4752145111560821,-0.1205408051609993,#d62728
327,327,73604,https://dadosabertos.camara.leg.br/api/v2/deputados/73604,Rui Falcão,PT,https://dadosabertos.camara.leg.br/api/v2/partidos/36844,SP,56,http://www.camara.gov.br/internet/deputado/bandep/73604.jpg,0.107760950922966,0.5414720773696899,0.1540279686450958,#d62728
328,328,160635,https://dadosabertos.camara.leg.br/api/v2/deputados/160635,Ruy Carneiro,PSC,https://dadosabertos.camara.leg.br/api/v2/partidos/36833,PB,56,http://www.camara.gov.br/internet/deputado/bandep/160635.jpg,-0.069355808198452,0.1318195611238479,-0.3239949643611908,#8c564b
329,329,204535,https://dadosabertos.camara.leg.br/api/v2/deputados/204535,Sâmia Bomfim,PSOL,https://dadosabertos.camara.leg.br/api/v2/partidos/36839,SP,56,http://www.camara.gov.br/internet/deputado/bandep/204535.jpg,0.1420980244874954,0.717006266117096,0.0922213569283485,#ffcc00
330,330,178990,https://dadosabertos.camara.leg.br/api/v2/deputados/178990,Samuel Moreira,PSDB,https://dadosabertos.camara.leg.br/api/v2/partidos/36835,SP,56,http://www.camara.gov.br/internet/deputado/bandep/178990.jpg,-0.0235531665384769,0.0433615408837795,-0.2599274516105652,#1f77b4
332,332,204387,https://dadosabertos.camara.leg.br/api/v2/deputados/204387,Sargento Fahur,PSD,https://dadosabertos.camara.leg.br/api/v2/partidos/36834,PR,56,http://www.camara.gov.br/internet/deputado/bandep/204387.jpg,-0.1105127409100532,-0.3885129690170288,0.1479911208152771,#660000
334,334,204438,https://dadosabertos.camara.leg.br/api/v2/deputados/204438,Sergio Toledo,PV,https://dadosabertos.camara.leg.br/api/v2/partidos/36851,AL,56,http://www.camara.gov.br/internet/deputado/bandep/204438.jpg,0.0911468788981437,0.2184661328792572,-0.5301409959793091,#e377c2
335,335,178961,https://dadosabertos.camara.leg.br/api/v2/deputados/178961,Shéridan,PSDB,https://dadosabertos.camara.leg.br/api/v2/partidos/36835,RR,56,http://www.camara.gov.br/internet/deputado/bandep/178961.jpg,-0.1838153898715973,0.219863548874855,-0.3192624747753143,#1f77b4
336,336,204557,https://dadosabertos.camara.leg.br/api/v2/deputados/204557,Sidney Leite,PSD,https://dadosabertos.camara.leg.br/api/v2/partidos/36834,AM,56,http://www.camara.gov.br/internet/deputado/bandep/204557.jpg,-0.4316393435001373,0.0228198412805795,0.0934972241520881,#660000
342,342,92776,https://dadosabertos.camara.leg.br/api/v2/deputados/92776,Stefano Aguiar,PSD,https://dadosabertos.camara.leg.br/api/v2/partidos/36834,MG,56,http://www.camara.gov.br/internet/deputado/bandep/92776.jpg,0.3186901211738586,-0.0889442563056945,0.1604265123605728,#660000
343,343,204534,https://dadosabertos.camara.leg.br/api/v2/deputados/204534,Tabata Amaral,PSB,https://dadosabertos.camara.leg.br/api/v2/partidos/36832,SP,56,http://www.camara.gov.br/internet/deputado/bandep/204534.jpg,-0.2999469637870788,0.3771418035030365,0.0892754718661308,#90ee90
344,344,178922,https://dadosabertos.camara.leg.br/api/v2/deputados/178922,Tadeu Alencar,PSB,https://dadosabertos.camara.leg.br/api/v2/partidos/36832,PE,56,http://www.camara.gov.br/internet/deputado/bandep/178922.jpg,-0.2025770992040634,0.4681330025196075,0.0334672890603542,#90ee90
345,345,204464,https://dadosabertos.camara.leg.br/api/v2/deputados/204464,Talíria Petrone,PSOL,https://dadosabertos.camara.leg.br/api/v2/partidos/36839,RJ,56,http://www.camara.gov.br/internet/deputado/bandep/204464.jpg,0.1309689879417419,0.4473521709442138,-0.3264082670211792,#ffcc00
346,346,178901,https://dadosabertos.camara.leg.br/api/v2/deputados/178901,Tereza Cristina,PP,https://dadosabertos.camara.leg.br/api/v2/partidos/37903,MS,56,http://www.camara.gov.br/internet/deputado/bandep/178901.jpg,-0.2677648067474365,-0.2932854294776916,0.3085388541221618,#008000
347,347,204466,https://dadosabertos.camara.leg.br/api/v2/deputados/204466,Tereza Nelma,PSD,https://dadosabertos.camara.leg.br/api/v2/partidos/36834,AL,56,http://www.camara.gov.br/internet/deputado/bandep/204466.jpg,0.1922423243522644,0.0965815633535385,0.19145467877388,#660000
352,352,178934,https://dadosabertos.camara.leg.br/api/v2/deputados/178934,Toninho Wandscheer,PROS,https://dadosabertos.camara.leg.br/api/v2/partidos/36763,PR,56,http://www.camara.gov.br/internet/deputado/bandep/178934.jpg,0.1844837963581085,-0.2996780276298523,0.0789950191974639,#ffa500
354,354,74376,https://dadosabertos.camara.leg.br/api/v2/deputados/74376,Vander Loubet,PT,https://dadosabertos.camara.leg.br/api/v2/partidos/36844,MS,56,http://www.camara.gov.br/internet/deputado/bandep/74376.jpg,-0.1565783768892288,0.4729873836040497,-0.0536101981997489,#d62728
355,355,141553,https://dadosabertos.camara.leg.br/api/v2/deputados/141553,Vanderlei Macris,PSDB,https://dadosabertos.camara.leg.br/api/v2/partidos/36835,SP,56,http://www.camara.gov.br/internet/deputado/bandep/141553.jpg,0.3023191690444946,0.124607540667057,-0.1595103442668914,#1f77b4
356,356,74283,https://dadosabertos.camara.leg.br/api/v2/deputados/74283,Vicentinho,PT,https://dadosabertos.camara.leg.br/api/v2/partidos/36844,SP,56,http://www.camara.gov.br/internet/deputado/bandep/74283.jpg,0.1843612343072891,0.4640649259090423,0.0020654976833611,#d62728
361,361,178992,https://dadosabertos.camara.leg.br/api/v2/deputados/178992,Vitor Lippi,PSDB,https://dadosabertos.camara.leg.br/api/v2/partidos/36835,SP,56,http://www.camara.gov.br/internet/deputado/bandep/178992.jpg,-0.0359262786805629,0.145071730017662,0.0825529992580413,#1f77b4
362,362,215044,https://dadosabertos.camara.leg.br/api/v2/deputados/215044,Vivi Reis,PSOL,https://dadosabertos.camara.leg.br/api/v2/partidos/36839,PA,56,http://www.camara.gov.br/internet/deputado/bandep/215044.jpg,-0.1475929915904998,0.6204492449760437,0.1093766465783119,#ffcc00
363,363,160569,https://dadosabertos.camara.leg.br/api/v2/deputados/160569,Waldenor Pereira,PT,https://dadosabertos.camara.leg.br/api/v2/partidos/36844,BA,56,http://www.camara.gov.br/internet/deputado/bandep/160569.jpg,-0.2325294613838195,0.4465906918048858,0.2493031919002533,#d62728
364,364,160518,https://dadosabertos.camara.leg.br/api/v2/deputados/160518,Weliton Prado,PROS,https://dadosabertos.camara.leg.br/api/v2/partidos/36763,MG,56,http://www.camara.gov.br/internet/deputado/bandep/160518.jpg,0.2411253303289413,0.0814775228500366,-0.0336494632065296,#ffa500
366,366,74439,https://dadosabertos.camara.leg.br/api/v2/deputados/74439,Wolney Queiroz,PDT,https://dadosabertos.camara.leg.br/api/v2/partidos/36786,PE,56,http://www.camara.gov.br/internet/deputado/bandep/74439.jpg,0.0956826284527778,0.3221080005168915,-0.245982363820076,#32cd32
367,367,178889,https://dadosabertos.camara.leg.br/api/v2/deputados/178889,Zé Carlos,PT,https://dadosabertos.camara.leg.br/api/v2/partidos/36844,MA,56,http://www.camara.gov.br/internet/deputado/bandep/178889.jpg,0.023580988869071,0.5477579832077026,0.0708853900432586,#d62728
368,368,204559,https://dadosabertos.camara.leg.br/api/v2/deputados/204559,Zé Neto,PT,https://dadosabertos.camara.leg.br/api/v2/partidos/36844,BA,56,http://www.camara.gov.br/internet/deputado/bandep/204559.jpg,-0.2179013937711715,0.4308404326438904,0.2518112063407898,#d62728
369,369,160592,https://dadosabertos.camara.leg.br/api/v2/deputados/160592,Zeca Dirceu,PT,https://dadosabertos.camara.leg.br/api/v2/partidos/36844,PR,56,http://www.camara.gov.br/internet/deputado/bandep/160592.jpg,-0.1948278397321701,0.4397479891777038,0.169670894742012,#d62728
374,374,178924,https://dadosabertos.camara.leg.br/api/v2/deputados/178924,Capitão Fábio Abreu,PSD,https://dadosabertos.camara.leg.br/api/v2/partidos/36834,PI,56,http://www.camara.gov.br/internet/deputado/bandep/178924.jpg,0.1826739907264709,0.1347869783639907,0.1961871683597564,#660000
376,376,74262,https://dadosabertos.camara.leg.br/api/v2/deputados/74262,Carlos Sampaio,PSDB,https://dadosabertos.camara.leg.br/api/v2/partidos/36835,SP,56,http://www.camara.gov.br/internet/deputado/bandep/74262.jpg,-0.0680375471711158,0.0388125441968441,0.0821290388703346,#1f77b4
382,382,204562,https://dadosabertos.camara.leg.br/api/v2/deputados/204562,Edilázio Júnior,PSD,https://dadosabertos.camara.leg.br/api/v2/partidos/36834,MA,56,http://www.camara.gov.br/internet/deputado/bandep/204562.jpg,0.334331750869751,-0.2041894793510437,-0.2380217760801315,#660000
384,384,204477,https://dadosabertos.camara.leg.br/api/v2/deputados/204477,Felício Laterça,PP,https://dadosabertos.camara.leg.br/api/v2/partidos/37903,RJ,56,http://www.camara.gov.br/internet/deputado/bandep/204477.jpg,-0.1596521139144897,-0.3225730359554291,-0.2281924486160278,#008000
385,385,160667,https://dadosabertos.camara.leg.br/api/v2/deputados/160667,Guilherme Mussi,PP,https://dadosabertos.camara.leg.br/api/v2/partidos/37903,SP,56,http://www.camara.gov.br/internet/deputado/bandep/160667.jpg,-0.0446778163313865,-0.343161791563034,-0.2995024621486664,#008000
386,386,178964,https://dadosabertos.camara.leg.br/api/v2/deputados/178964,Heitor Schuch,PSB,https://dadosabertos.camara.leg.br/api/v2/partidos/36832,RS,56,http://www.camara.gov.br/internet/deputado/bandep/178964.jpg,0.3461815118789673,0.3892197906970978,-0.1236410364508628,#90ee90
387,387,204373,https://dadosabertos.camara.leg.br/api/v2/deputados/204373,Hélio Costa,PSD,https://dadosabertos.camara.leg.br/api/v2/partidos/36834,SC,56,http://www.camara.gov.br/internet/deputado/bandep/204373.jpg,0.3220904469490051,-0.2287691086530685,0.1557675451040268,#660000
388,388,74141,https://dadosabertos.camara.leg.br/api/v2/deputados/74141,Josias Gomes,PT,https://dadosabertos.camara.leg.br/api/v2/partidos/36844,BA,56,http://www.camara.gov.br/internet/deputado/bandep/74141.jpg,0.2451013177633285,0.3709390163421631,0.4829217195510864,#d62728
390,390,204375,https://dadosabertos.camara.leg.br/api/v2/deputados/204375,Leda Sadala,PP,https://dadosabertos.camara.leg.br/api/v2/partidos/37903,AP,56,http://www.camara.gov.br/internet/deputado/bandep/204375.jpg,-0.0430780164897441,-0.0861795470118522,-0.1768239587545395,#008000
391,391,196358,https://dadosabertos.camara.leg.br/api/v2/deputados/196358,Lourival Gomes,PP,https://dadosabertos.camara.leg.br/api/v2/partidos/37903,RJ,56,http://www.camara.gov.br/internet/deputado/bandep/196358.jpg,0.0889793634414672,-0.1196243166923523,-0.2208651751279831,#008000
392,392,146788,https://dadosabertos.camara.leg.br/api/v2/deputados/146788,Marcelo Aro,PP,https://dadosabertos.camara.leg.br/api/v2/partidos/37903,MG,56,http://www.camara.gov.br/internet/deputado/bandep/146788.jpg,-0.1764735281467437,-0.1702270209789276,-0.3076909184455871,#008000
394,394,160542,https://dadosabertos.camara.leg.br/api/v2/deputados/160542,Márcio Macêdo,PT,https://dadosabertos.camara.leg.br/api/v2/partidos/36844,SE,56,http://www.camara.gov.br/internet/deputado/bandep/160542.jpg,0.0877293348312377,0.4018304049968719,0.5282878279685974,#d62728
395,395,219585,https://dadosabertos.camara.leg.br/api/v2/deputados/219585,Marco Brasil,PP,https://dadosabertos.camara.leg.br/api/v2/partidos/37903,PR,56,http://www.camara.gov.br/internet/deputado/bandep/219585.jpg,0.1440740972757339,-0.5401379466056824,0.4004773497581482,#008000
398,398,74165,https://dadosabertos.camara.leg.br/api/v2/deputados/74165,Neucimar Fraga,PP,https://dadosabertos.camara.leg.br/api/v2/partidos/37903,ES,56,http://www.camara.gov.br/internet/deputado/bandep/74165.jpg,0.1758806407451629,-0.1345849335193634,0.1763834357261657,#008000
401,401,133968,https://dadosabertos.camara.leg.br/api/v2/deputados/133968,Paulo Ramos,PDT,https://dadosabertos.camara.leg.br/api/v2/partidos/36786,RJ,56,http://www.camara.gov.br/internet/deputado/bandep/133968.jpg,-0.3256557285785675,0.2918810546398163,0.1758733540773391,#32cd32
402,402,141488,https://dadosabertos.camara.leg.br/api/v2/deputados/141488,Paulo Teixeira,PT,https://dadosabertos.camara.leg.br/api/v2/partidos/36844,SP,56,http://www.camara.gov.br/internet/deputado/bandep/141488.jpg,-0.0926069021224975,0.5298879146575928,0.1144589111208915,#d62728
407,407,177282,https://dadosabertos.camara.leg.br/api/v2/deputados/177282,Subtenente Gonzaga,PSD,https://dadosabertos.camara.leg.br/api/v2/partidos/36834,MG,56,http://www.camara.gov.br/internet/deputado/bandep/177282.jpg,-0.2896486222743988,0.1136331781744957,0.1926053464412689,#660000
409,409,137070,https://dadosabertos.camara.leg.br/api/v2/deputados/137070,Vicentinho Júnior,PP,https://dadosabertos.camara.leg.br/api/v2/partidos/37903,TO,56,http://www.camara.gov.br/internet/deputado/bandep/137070.jpg,0.1002024710178375,-0.4403862357139587,0.1374489963054657,#008000
412,412,160587,https://dadosabertos.camara.leg.br/api/v2/deputados/160587,Fábio Trad,PSD,https://dadosabertos.camara.leg.br/api/v2/partidos/36834,MS,56,http://www.camara.gov.br/internet/deputado/bandep/160587.jpg,0.0165809523314237,0.2074920982122421,-0.0894748717546463,#660000
415,415,204554,https://dadosabertos.camara.leg.br/api/v2/deputados/204554,Abílio Santana,PSC,https://dadosabertos.camara.leg.br/api/v2/partidos/36833,BA,56,http://www.camara.gov.br/internet/deputado/bandep/204554.jpg,-0.2510275244712829,-0.3430425524711609,0.1645290106534958,#8c564b
417,417,204560,https://dadosabertos.camara.leg.br/api/v2/deputados/204560,Adolfo Viana,PSDB,https://dadosabertos.camara.leg.br/api/v2/partidos/36835,BA,56,http://www.camara.gov.br/internet/deputado/bandep/204560.jpg,-0.0879062041640281,0.0818299427628517,-0.3933229744434356,#1f77b4
418,418,160508,https://dadosabertos.camara.leg.br/api/v2/deputados/160508,Afonso Florence,PT,https://dadosabertos.camara.leg.br/api/v2/partidos/36844,BA,56,http://www.camara.gov.br/internet/deputado/bandep/160508.jpg,0.3292845785617828,0.5405075550079346,-0.0142286159098148,#d62728
419,419,136811,https://dadosabertos.camara.leg.br/api/v2/deputados/136811,Afonso Hamm,PP,https://dadosabertos.camara.leg.br/api/v2/partidos/37903,RS,56,http://www.camara.gov.br/internet/deputado/bandep/136811.jpg,0.3851577043533325,-0.2541343867778778,-0.12156692892313,#008000
420,420,160527,https://dadosabertos.camara.leg.br/api/v2/deputados/160527,Aguinaldo Ribeiro,PP,https://dadosabertos.camara.leg.br/api/v2/partidos/37903,PB,56,http://www.camara.gov.br/internet/deputado/bandep/160527.jpg,0.1345819532871246,0.0592542141675949,-0.2198681980371475,#008000
424,424,178831,https://dadosabertos.camara.leg.br/api/v2/deputados/178831,André Abdon,PP,https://dadosabertos.camara.leg.br/api/v2/partidos/37903,AP,56,http://www.camara.gov.br/internet/deputado/bandep/178831.jpg,0.2553460001945495,-0.1445109844207763,-0.1690746992826461,#008000
425,425,160553,https://dadosabertos.camara.leg.br/api/v2/deputados/160553,Antonio Brito,PSD,https://dadosabertos.camara.leg.br/api/v2/partidos/36834,BA,56,http://www.camara.gov.br/internet/deputado/bandep/160553.jpg,0.1556184887886047,0.0419336445629596,-0.2595988810062408,#660000
427,427,74459,https://dadosabertos.camara.leg.br/api/v2/deputados/74459,Átila Lira,PP,https://dadosabertos.camara.leg.br/api/v2/partidos/37903,PI,56,http://www.camara.gov.br/internet/deputado/bandep/74459.jpg,0.0031048709060996,-0.1122533082962036,0.2646029889583587,#008000
429,429,204499,https://dadosabertos.camara.leg.br/api/v2/deputados/204499,Cássio Andrade,PSB,https://dadosabertos.camara.leg.br/api/v2/partidos/36832,PA,56,http://www.camara.gov.br/internet/deputado/bandep/204499.jpg,0.4561431109905243,0.3025338053703308,-0.0467605367302894,#90ee90
433,433,204450,https://dadosabertos.camara.leg.br/api/v2/deputados/204450,Doutor Luizinho,PP,https://dadosabertos.camara.leg.br/api/v2/partidos/37903,RJ,56,http://www.camara.gov.br/internet/deputado/bandep/204450.jpg,-0.088155947625637,-0.2359811216592788,-0.2975562214851379,#008000
435,435,74655,https://dadosabertos.camara.leg.br/api/v2/deputados/74655,Eduardo Barbosa,PSDB,https://dadosabertos.camara.leg.br/api/v2/partidos/36835,MG,56,http://www.camara.gov.br/internet/deputado/bandep/74655.jpg,0.0333990566432476,0.0521909147500991,0.0850404724478721,#1f77b4
442,442,178966,https://dadosabertos.camara.leg.br/api/v2/deputados/178966,Geovania de Sá,PSDB,https://dadosabertos.camara.leg.br/api/v2/partidos/36835,SC,56,http://www.camara.gov.br/internet/deputado/bandep/178966.jpg,0.0554021075367927,0.0274907276034355,-0.2776206433773041,#1f77b4
444,444,74270,https://dadosabertos.camara.leg.br/api/v2/deputados/74270,Gilberto Nascimento,PSC,https://dadosabertos.camara.leg.br/api/v2/partidos/36833,SP,56,http://www.camara.gov.br/internet/deputado/bandep/74270.jpg,-0.5234109163284302,-0.0505089722573757,-0.108501560986042,#8c564b
445,445,204419,https://dadosabertos.camara.leg.br/api/v2/deputados/204419,Glaustin da Fokus,PSC,https://dadosabertos.camara.leg.br/api/v2/partidos/36833,GO,56,http://www.camara.gov.br/internet/deputado/bandep/204419.jpg,-0.1815928816795349,-0.1827266663312912,-0.092330664396286,#8c564b
446,446,107283,https://dadosabertos.camara.leg.br/api/v2/deputados/107283,Gleisi Hoffmann,PT,https://dadosabertos.camara.leg.br/api/v2/partidos/36844,PR,56,http://www.camara.gov.br/internet/deputado/bandep/107283.jpg,-0.1192483752965927,0.7430872917175293,-0.032688919454813,#d62728
452,452,160570,https://dadosabertos.camara.leg.br/api/v2/deputados/160570,Jerônimo Goergen,PP,https://dadosabertos.camara.leg.br/api/v2/partidos/37903,RS,56,http://www.camara.gov.br/internet/deputado/bandep/160570.jpg,0.4256004989147186,-0.1991151720285415,0.116913266479969,#008000
455,455,209189,https://dadosabertos.camara.leg.br/api/v2/deputados/209189,Joseildo Ramos,PT,https://dadosabertos.camara.leg.br/api/v2/partidos/36844,BA,56,http://www.camara.gov.br/internet/deputado/bandep/209189.jpg,-0.0242990776896476,0.5901119709014893,-0.0904917195439338,#d62728
462,462,204410,https://dadosabertos.camara.leg.br/api/v2/deputados/204410,Luisa Canziani,PSD,https://dadosabertos.camara.leg.br/api/v2/partidos/36834,PR,56,http://www.camara.gov.br/internet/deputado/bandep/204410.jpg,-0.3297244608402252,0.1066599711775779,0.0409860201179981,#660000
464,464,92172,https://dadosabertos.camara.leg.br/api/v2/deputados/92172,Milton Coelho,PSB,https://dadosabertos.camara.leg.br/api/v2/partidos/36832,PE,56,http://www.camara.gov.br/internet/deputado/bandep/92172.jpg,-0.140789046883583,0.4524291157722473,0.2955198585987091,#90ee90
469,469,160556,https://dadosabertos.camara.leg.br/api/v2/deputados/160556,Padre João,PT,https://dadosabertos.camara.leg.br/api/v2/partidos/36844,MG,56,http://www.camara.gov.br/internet/deputado/bandep/160556.jpg,-0.0749859139323234,0.4473932385444641,0.3716756403446197,#d62728
474,474,122158,https://dadosabertos.camara.leg.br/api/v2/deputados/122158,Pedro Paulo,PSD,https://dadosabertos.camara.leg.br/api/v2/partidos/36834,RJ,56,http://www.camara.gov.br/internet/deputado/bandep/122158.jpg,-0.3446565866470337,0.1168685480952262,-0.0149599537253379,#660000
478,478,74161,https://dadosabertos.camara.leg.br/api/v2/deputados/74161,Reginaldo Lopes,PT,https://dadosabertos.camara.leg.br/api/v2/partidos/36844,MG,56,http://www.camara.gov.br/internet/deputado/bandep/74161.jpg,0.2286780178546905,0.5492094159126282,0.1890977025032043,#d62728
481,481,213274,https://dadosabertos.camara.leg.br/api/v2/deputados/213274,Ricardo Silva,PSD,https://dadosabertos.camara.leg.br/api/v2/partidos/36834,SP,56,http://www.camara.gov.br/internet/deputado/bandep/213274.jpg,-0.1728161722421646,0.205778032541275,0.0705601349472999,#660000
484,484,214477,https://dadosabertos.camara.leg.br/api/v2/deputados/214477,RRenato Queiroz,PSD,https://dadosabertos.camara.leg.br/api/v2/partidos/36834,RR,56,http://www.camara.gov.br/internet/deputado/bandep/214477.jpg,-0.033509686589241,-0.1524212062358856,0.5207253694534302,#660000
485,485,160621,https://dadosabertos.camara.leg.br/api/v2/deputados/160621,Sandro Alex,PSD,https://dadosabertos.camara.leg.br/api/v2/partidos/36834,PR,56,http://www.camara.gov.br/internet/deputado/bandep/160621.jpg,-0.0010645461734384,-0.1884322762489318,0.3796150386333465,#660000
488,488,219568,https://dadosabertos.camara.leg.br/api/v2/deputados/219568,Tiago Andrino,PSB,https://dadosabertos.camara.leg.br/api/v2/partidos/36832,TO,56,http://www.camara.gov.br/internet/deputado/bandep/219568.jpg,0.105599395930767,0.5900517106056213,0.5800490975379944,#90ee90
491,491,160610,https://dadosabertos.camara.leg.br/api/v2/deputados/160610,Valmir Assunção,PT,https://dadosabertos.camara.leg.br/api/v2/partidos/36844,BA,56,http://www.camara.gov.br/internet/deputado/bandep/160610.jpg,-0.1398801654577255,0.5107274055480957,-0.018900828436017,#d62728
494,494,204483,https://dadosabertos.camara.leg.br/api/v2/deputados/204483,Vilson da Fetaemg,PSB,https://dadosabertos.camara.leg.br/api/v2/partidos/36832,MG,56,http://www.camara.gov.br/internet/deputado/bandep/204483.jpg,0.2069432586431503,0.3671587705612182,0.2450218200683593,#90ee90
498,498,178835,https://dadosabertos.camara.leg.br/api/v2/deputados/178835,Afonso Motta,PDT,https://dadosabertos.camara.leg.br/api/v2/partidos/36786,RS,56,http://www.camara.gov.br/internet/deputado/bandep/178835.jpg,0.2416718453168869,0.3378320932388305,-0.2748118937015533,#32cd32
500,500,139285,https://dadosabertos.camara.leg.br/api/v2/deputados/139285,Lídice da Mata,PSB,https://dadosabertos.camara.leg.br/api/v2/partidos/36832,BA,56,http://www.camara.gov.br/internet/deputado/bandep/139285.jpg,0.0005617517745122,0.4961205720901489,0.3049225807189941,#90ee90
502,502,74371,https://dadosabertos.camara.leg.br/api/v2/deputados/74371,Rubens Otoni,PT,https://dadosabertos.camara.leg.br/api/v2/partidos/36844,GO,56,http://www.camara.gov.br/internet/deputado/bandep/74371.jpg,0.362963855266571,0.3821747004985809,0.2186307460069656,#d62728
503,503,204482,https://dadosabertos.camara.leg.br/api/v2/deputados/204482,Euclydes Pettersen,PSC,https://dadosabertos.camara.leg.br/api/v2/partidos/36833,MG,56,http://www.camara.gov.br/internet/deputado/bandep/204482.jpg,0.1008993610739708,-0.058988906443119,-0.4180102348327636,#8c564b
504,504,204465,https://dadosabertos.camara.leg.br/api/v2/deputados/204465,Haroldo Cathedral,PSD,https://dadosabertos.camara.leg.br/api/v2/partidos/36834,RR,56,http://www.camara.gov.br/internet/deputado/bandep/204465.jpg,0.4008980095386505,-0.0007406114600598,-0.1867327839136123,#660000
509,509,204363,https://dadosabertos.camara.leg.br/api/v2/deputados/204363,Osires Damaso,PSC,https://dadosabertos.camara.leg.br/api/v2/partidos/36833,TO,56,http://www.camara.gov.br/internet/deputado/bandep/204363.jpg,-0.0191658046096563,-0.1554144620895385,0.1442874073982238,#8c564b
512,512,73808,https://dadosabertos.camara.leg.br/api/v2/deputados/73808,Sérgio Brito,PSD,https://dadosabertos.camara.leg.br/api/v2/partidos/36834,BA,56,http://www.camara.gov.br/internet/deputado/bandep/73808.jpg,0.0257259793579578,-0.2888765633106231,0.2252631336450576,#660000
517,517,178882,https://dadosabertos.camara.leg.br/api/v2/deputados/178882,André Fufuca,PP,https://dadosabertos.camara.leg.br/api/v2/partidos/37903,MA,56,http://www.camara.gov.br/internet/deputado/bandep/178882.jpg,-0.3629400134086609,-0.1921876668930053,-0.2935974597930908,#008000
518,518,178948,https://dadosabertos.camara.leg.br/api/v2/deputados/178948,Beto Rosado,PP,https://dadosabertos.camara.leg.br/api/v2/partidos/37903,RN,56,http://www.camara.gov.br/internet/deputado/bandep/178948.jpg,-0.3291414976119995,-0.1521075516939163,-0.1554853469133377,#008000
520,520,204380,https://dadosabertos.camara.leg.br/api/v2/deputados/204380,Celina Leão,PP,https://dadosabertos.camara.leg.br/api/v2/partidos/37903,DF,56,http://www.camara.gov.br/internet/deputado/bandep/204380.jpg,-0.2508374154567718,-0.0338352769613266,0.3093894422054291,#008000
521,521,160588,https://dadosabertos.camara.leg.br/api/v2/deputados/160588,Diego Andrade,PSD,https://dadosabertos.camara.leg.br/api/v2/partidos/36834,MG,56,http://www.camara.gov.br/internet/deputado/bandep/160588.jpg,-0.2696911990642547,0.1566386520862579,0.0932825952768325,#660000
524,524,178969,https://dadosabertos.camara.leg.br/api/v2/deputados/178969,Fábio Mitidieri,PSD,https://dadosabertos.camara.leg.br/api/v2/partidos/36834,SE,56,http://www.camara.gov.br/internet/deputado/bandep/178969.jpg,-0.0387973077595233,0.2128227800130844,-0.1964799761772155,#660000
526,526,204391,https://dadosabertos.camara.leg.br/api/v2/deputados/204391,José Nelto,PP,https://dadosabertos.camara.leg.br/api/v2/partidos/37903,GO,56,http://www.camara.gov.br/internet/deputado/bandep/204391.jpg,0.3277934193611145,0.0779828056693077,0.2492919266223907,#008000
527,527,160619,https://dadosabertos.camara.leg.br/api/v2/deputados/160619,José Nunes,PSD,https://dadosabertos.camara.leg.br/api/v2/partidos/36834,BA,56,http://www.camara.gov.br/internet/deputado/bandep/160619.jpg,-0.1523957103490829,0.0356503725051879,-0.4343533813953399,#660000
528,528,160541,https://dadosabertos.camara.leg.br/api/v2/deputados/160541,Arthur Lira,PP,https://dadosabertos.camara.leg.br/api/v2/partidos/37903,AL,56,http://www.camara.gov.br/internet/deputado/bandep/160541.jpg,0.001783296931535,0.1621120870113372,0.3014560043811798,#008000
529,529,207176,https://dadosabertos.camara.leg.br/api/v2/deputados/207176,Bia Cavassa,PSDB,https://dadosabertos.camara.leg.br/api/v2/partidos/36835,MS,56,http://www.camara.gov.br/internet/deputado/bandep/207176.jpg,0.0931852161884307,0.0187388602644205,-0.5355369448661804,#1f77b4
530,530,160589,https://dadosabertos.camara.leg.br/api/v2/deputados/160589,Bruna Furlan,PSDB,https://dadosabertos.camara.leg.br/api/v2/partidos/36835,SP,56,http://www.camara.gov.br/internet/deputado/bandep/160589.jpg,0.0334407910704612,0.2224679440259933,-0.514468252658844,#1f77b4
533,533,74200,https://dadosabertos.camara.leg.br/api/v2/deputados/74200,Gastão Vieira,PROS,https://dadosabertos.camara.leg.br/api/v2/partidos/36763,MA,56,http://www.camara.gov.br/internet/deputado/bandep/74200.jpg,0.0248098205775022,-0.25431689620018,-0.558164656162262,#ffa500
535,535,67138,https://dadosabertos.camara.leg.br/api/v2/deputados/67138,Iracema Portella,PP,https://dadosabertos.camara.leg.br/api/v2/partidos/37903,PI,56,http://www.camara.gov.br/internet/deputado/bandep/67138.jpg,-0.1530442386865615,-0.231101244688034,-0.4885750114917755,#008000
536,536,74253,https://dadosabertos.camara.leg.br/api/v2/deputados/74253,Julio Lopes,PP,https://dadosabertos.camara.leg.br/api/v2/partidos/37903,RJ,56,http://www.camara.gov.br/internet/deputado/bandep/74253.jpg,0.2853599786758423,-0.2515008449554443,-0.5042364597320557,#008000
538,538,122195,https://dadosabertos.camara.leg.br/api/v2/deputados/122195,Leonardo Gadelha,PSC,https://dadosabertos.camara.leg.br/api/v2/partidos/36833,PB,56,http://www.camara.gov.br/internet/deputado/bandep/122195.jpg,-0.4471537470817566,0.0353628695011138,-0.0734364613890647,#8c564b
542,542,178984,https://dadosabertos.camara.leg.br/api/v2/deputados/178984,Miguel Haddad,PSDB,https://dadosabertos.camara.leg.br/api/v2/partidos/36835,SP,56,http://www.camara.gov.br/internet/deputado/bandep/178984.jpg,0.1841790676116943,-0.1195991411805152,-0.6924269795417786,#1f77b4
543,543,218741,https://dadosabertos.camara.leg.br/api/v2/deputados/218741,Patrick Dorneles,PSD,https://dadosabertos.camara.leg.br/api/v2/partidos/36834,PB,56,http://www.camara.gov.br/internet/deputado/bandep/218741.jpg,-0.0804908201098442,-0.1365374773740768,-0.5973445177078247,#660000
544,544,216544,https://dadosabertos.camara.leg.br/api/v2/deputados/216544,Paulo Vicente Caleffi,PSD,https://dadosabertos.camara.leg.br/api/v2/partidos/36834,RS,56,http://www.camara.gov.br/internet/deputado/bandep/216544.jpg,-0.1657532155513763,-0.3195834457874298,-0.5414382815361023,#660000
545,545,217330,https://dadosabertos.camara.leg.br/api/v2/deputados/217330,Pedro Dalua,PSC,https://dadosabertos.camara.leg.br/api/v2/partidos/36833,AP,56,http://www.camara.gov.br/internet/deputado/bandep/217330.jpg,0.0984165295958519,-0.3748742640018463,-0.5596018433570862,#8c564b
546,546,205865,https://dadosabertos.camara.leg.br/api/v2/deputados/205865,Reinhold Stephanes Junior,PSD,https://dadosabertos.camara.leg.br/api/v2/partidos/36834,PR,56,http://www.camara.gov.br/internet/deputado/bandep/205865.jpg,0.077255442738533,-0.4916792213916778,-0.4491384327411651,#660000
548,548,178935,https://dadosabertos.camara.leg.br/api/v2/deputados/178935,Rossoni,PSDB,https://dadosabertos.camara.leg.br/api/v2/partidos/36835,PR,56,http://www.camara.gov.br/internet/deputado/bandep/178935.jpg,0.3142676651477813,-0.3263261020183563,-0.3604008555412292,#1f77b4
549,549,206231,https://dadosabertos.camara.leg.br/api/v2/deputados/206231,Ted Conti,PSB,https://dadosabertos.camara.leg.br/api/v2/partidos/36832,ES,56,http://www.camara.gov.br/internet/deputado/bandep/206231.jpg,-0.0643232315778732,0.5510092973709106,-0.4902456700801849,#90ee90
553,553,141515,https://dadosabertos.camara.leg.br/api/v2/deputados/141515,Otavio Leite,PSDB,https://dadosabertos.camara.leg.br/api/v2/partidos/36835,RJ,56,http://www.camara.gov.br/internet/deputado/bandep/141515.jpg,0.002989606000483,-0.2087374925613403,-0.6660584211349487,#1f77b4
